Fecha,Restaurante,Oferta
2026-01-11 20:49:56,Burger King,2x1 algunos productos
2026-01-11 20:49:56,Burger King,-30% algunos productos
2026-01-11 20:49:56,KFC,-50% algunos productos
2026-01-11 20:49:56,Goiko,-20% algunos productos
2026-01-11 20:49:56,Popeyes,2x1 algunos productos
2026-01-11 20:49:56,Popeyes,-40% algunos productos
2026-01-11 20:49:56,Domino's Pizza,-50% algunos productos
2026-01-11 20:49:56,Telepizza,-60% algunos productos
2026-01-11 20:49:56,Papa Johns,-55% algunos productos
2026-01-11 20:49:56,Papa Johns,2x1 algunos productos
2026-01-11 20:49:56,Aloha,2x1 algunos productos
2026-01-11 20:49:56,Aloha,-30% algunos productos
2026-01-11 20:49:56,Sushi Sapporo,2x1 algunos productos
2026-01-11 20:49:56,Ginos,2x1 algunos productos
2026-01-11 20:49:56,Ginos,-25% con Prime
2026-01-11 20:49:56,Crema,-20% algunos productos
2026-01-11 20:49:56,Crema,-25% con Prime
2026-01-12 20:18:10,Burger King,-20% algunos productos
2026-01-12 20:18:10,Burger King,2x1 algunos productos
2026-01-12 20:18:10,KFC,-40% algunos productos
2026-01-12 20:18:10,KFC,2x1 algunos productos
2026-01-12 20:18:10,Popeyes,-45% con Prime
2026-01-12 20:18:10,Popeyes,2x1 algunos productos
2026-01-12 20:18:10,Domino's Pizza,-50% algunos productos
2026-01-12 20:18:10,Telepizza,-60% algunos productos
2026-01-12 20:18:10,Papa Johns,-55% algunos productos
2026-01-12 20:18:10,Papa Johns,2x1 algunos productos
2026-01-12 20:18:10,Aloha,-30% algunos productos
2026-01-12 20:18:10,Aloha,2x1 algunos productos
2026-01-12 20:18:10,Taco Bell,-40% algunos productos
2026-01-12 20:18:10,Ginos,2x1 algunos productos
2026-01-12 20:18:10,Empanadas Malvón,2x1 algunos productos
2026-01-12 20:18:10,Empanadas Malvón,-10% algunos productos
2026-01-12 20:18:10,Urban Poke,-30% algunos productos
2026-01-12 20:18:10,VIPS,2x1 algunos productos
2026-01-12 20:18:10,Piraña,-15% a partir de 10 €
2026-01-12 20:18:10,La Sureña,2x1 algunos productos
2026-01-12 20:18:10,Top Poké,-30% algunos productos
2026-01-12 20:18:10,MAKAY POKE,-25% con Prime
2026-01-12 20:18:10,MAKAY POKE,-15% algunos productos
2026-01-12 20:18:10,Bodeguilla Dugar,-10% a partir de 40 €
2026-01-13 20:18:21,Burger King,2x1 algunos productos
2026-01-13 20:18:21,Burger King,-20% algunos productos
2026-01-13 20:18:21,KFC,2x1 algunos productos
2026-01-13 20:18:21,KFC,-40% algunos productos
2026-01-13 20:18:21,Goiko,-20% algunos productos
2026-01-13 20:18:21,Popeyes,-45% con Prime
2026-01-13 20:18:21,Popeyes,2x1 algunos productos
2026-01-13 20:18:21,Domino's Pizza,-50% algunos productos
2026-01-13 20:18:21,Telepizza,-60% algunos productos
2026-01-13 20:18:21,Papa Johns,-55% algunos productos
2026-01-13 20:18:21,Papa Johns,2x1 algunos productos
2026-01-13 20:18:21,Aloha,-30% algunos productos
2026-01-13 20:18:21,Aloha,2x1 algunos productos
2026-01-13 20:18:21,Taco Bell,-40% algunos productos
2026-01-13 20:18:21,Sushi Sapporo,2x1 algunos productos
2026-01-13 20:18:21,Grosso Napoletano Pizzería,2x1 algunos productos
2026-01-13 20:18:21,Ginos,2x1 algunos productos
2026-01-13 20:18:21,Empanadas Malvón,2x1 algunos productos
2026-01-13 20:18:21,Empanadas Malvón,-10% algunos productos
2026-01-13 20:18:21,Urban Poke,-30% algunos productos
2026-01-13 20:18:21,VIPS,2x1 algunos productos
2026-01-13 20:18:21,Piraña,-15% a partir de 10 €
2026-01-13 20:18:21,La Sureña,2x1 algunos productos
2026-01-13 20:18:21,Top Poké,-30% algunos productos
2026-01-13 20:18:21,Top Poké,Entrega gratis a partir de 20 €
2026-01-13 20:18:21,Nora Sushi,2x1 algunos productos
2026-01-13 20:18:21,Bk. Sushi & Café Bar,2x1 algunos productos
2026-01-13 20:18:21,Lobbers Valladolid,2x1 algunos productos
2026-01-13 20:18:21,MAKAY POKE,-15% algunos productos
2026-01-13 20:18:21,MAKAY POKE,-25% con Prime
2026-01-14 20:14:51,Burger King,2x1 algunos productos
2026-01-14 20:14:51,Burger King,-20% algunos productos
2026-01-14 20:14:51,KFC,-40% algunos productos
2026-01-14 20:14:51,KFC,2x1 algunos productos
2026-01-14 20:14:51,Goiko,-20% algunos productos
2026-01-14 20:14:51,Popeyes,-45% con Prime
2026-01-14 20:14:51,Popeyes,2x1 algunos productos
2026-01-14 20:14:51,Domino's Pizza,-50% algunos productos
2026-01-14 20:14:51,Telepizza,-60% algunos productos
2026-01-14 20:14:51,Papa Johns,2x1 algunos productos
2026-01-14 20:14:51,Papa Johns,-55% algunos productos
2026-01-14 20:14:51,Aloha,2x1 algunos productos
2026-01-14 20:14:51,Aloha,-30% algunos productos
2026-01-14 20:14:51,Sushi Sapporo,2x1 algunos productos
2026-01-14 20:14:51,Ginos,2x1 algunos productos
2026-01-14 20:14:51,Empanadas Malvón,-10% algunos productos
2026-01-14 20:14:51,Empanadas Malvón,2x1 algunos productos
2026-01-14 20:14:51,Urban Poke,-30% algunos productos
2026-01-14 20:14:51,VIPS,2x1 algunos productos
2026-01-14 20:14:51,Piraña,-15% a partir de 10 €
2026-01-14 20:14:51,La Sureña,2x1 algunos productos
2026-01-14 20:14:51,Top Poké,Entrega gratis a partir de 20 €
2026-01-14 20:14:51,Top Poké,-30% algunos productos
2026-01-15 20:18:35,Burger King,2x1 algunos productos
2026-01-15 20:18:35,Burger King,-20% algunos productos
2026-01-15 20:18:35,KFC,-40% algunos productos
2026-01-15 20:18:35,KFC,2x1 algunos productos
2026-01-15 20:18:35,Goiko,-20% algunos productos
2026-01-15 20:18:35,Popeyes,-45% con Prime
2026-01-15 20:18:35,Popeyes,2x1 algunos productos
2026-01-15 20:18:35,Domino's Pizza,-50% algunos productos
2026-01-15 20:18:35,Telepizza,-60% algunos productos
2026-01-15 20:18:35,Papa Johns,2x1 algunos productos
2026-01-15 20:18:35,Papa Johns,-55% algunos productos
2026-01-15 20:18:35,Aloha,-30% algunos productos
2026-01-15 20:18:35,Aloha,2x1 algunos productos
2026-01-15 20:18:35,Taco Bell,-40% algunos productos
2026-01-15 20:18:35,Sushi Sapporo,2x1 algunos productos
2026-01-15 20:18:35,Ginos,2x1 algunos productos
2026-01-15 20:18:35,Empanadas Malvón,2x1 algunos productos
2026-01-15 20:18:35,Empanadas Malvón,-10% algunos productos
2026-01-15 20:18:35,Urban Poke,-30% algunos productos
2026-01-15 20:18:35,Crema,-25% con Prime
2026-01-15 20:18:35,Crema,-30% a partir de 35 €
2026-01-15 20:18:35,VIPS,2x1 algunos productos
2026-01-15 20:18:35,Piraña,-15% a partir de 10 €
2026-01-16 20:16:19,Burger King,-20% algunos productos
2026-01-16 20:16:19,Burger King,2x1 algunos productos
2026-01-16 20:16:19,KFC,2x1 algunos productos
2026-01-16 20:16:19,KFC,-40% algunos productos
2026-01-16 20:16:19,Goiko,-20% algunos productos
2026-01-16 20:16:19,Popeyes,-45% con Prime
2026-01-16 20:16:19,Popeyes,2x1 algunos productos
2026-01-16 20:16:19,Domino's Pizza,-50% algunos productos
2026-01-16 20:16:19,Telepizza,-60% algunos productos
2026-01-16 20:16:19,Papa Johns,-55% algunos productos
2026-01-16 20:16:19,Papa Johns,2x1 algunos productos
2026-01-16 20:16:19,Aloha,-30% algunos productos
2026-01-16 20:16:19,Aloha,2x1 algunos productos
2026-01-16 20:16:19,Taco Bell,-40% algunos productos
2026-01-16 20:16:19,Sushi Sapporo,2x1 algunos productos
2026-01-16 20:16:19,Ginos,2x1 algunos productos
2026-01-16 20:16:19,Urban Poke,-30% algunos productos
2026-01-16 20:16:19,Crema,-30% algunos productos
2026-01-16 20:16:19,Starbucks,-30% algunos productos
2026-01-16 20:16:19,Starbucks,2x1 algunos productos
2026-01-16 20:16:19,Lucense,-30% algunos productos
2026-01-16 20:16:19,Piraña,-15% a partir de 10 €
2026-01-16 20:16:19,La Sureña,2x1 algunos productos
2026-01-17 20:15:59,Burger King,-20% algunos productos
2026-01-17 20:15:59,Burger King,2x1 algunos productos
2026-01-17 20:15:59,KFC,-40% algunos productos
2026-01-17 20:15:59,KFC,2x1 algunos productos
2026-01-17 20:15:59,Goiko,-20% algunos productos
2026-01-17 20:15:59,Popeyes,2x1 algunos productos
2026-01-17 20:15:59,Popeyes,-45% con Prime
2026-01-17 20:15:59,Domino's Pizza,-50% algunos productos
2026-01-17 20:15:59,Telepizza,-60% algunos productos
2026-01-17 20:15:59,Papa Johns,2x1 algunos productos
2026-01-17 20:15:59,Papa Johns,-55% algunos productos
2026-01-17 20:15:59,Aloha,2x1 algunos productos
2026-01-17 20:15:59,Aloha,-30% algunos productos
2026-01-17 20:15:59,Taco Bell,-40% algunos productos
2026-01-17 20:15:59,Sushi Sapporo,2x1 algunos productos
2026-01-17 20:15:59,Ginos,2x1 algunos productos
2026-01-17 20:15:59,Empanadas Malvón,2x1 algunos productos
2026-01-17 20:15:59,Empanadas Malvón,-10% algunos productos
2026-01-17 20:15:59,Urban Poke,-30% algunos productos
2026-01-17 20:15:59,Crema,-30% algunos productos
2026-01-17 20:15:59,Tonino's,-30% algunos productos
2026-01-17 20:15:59,Starbucks,2x1 algunos productos
2026-01-17 20:15:59,Starbucks,-30% algunos productos
2026-01-17 20:15:59,Lucense,-30% algunos productos
2026-01-17 20:15:59,Piraña,-15% a partir de 10 €
2026-01-18 20:16:18,KFC,2x1 algunos productos
2026-01-18 20:16:18,KFC,-40% algunos productos
2026-01-18 20:16:18,Goiko,-20% algunos productos
2026-01-18 20:16:18,Popeyes,-45% con Prime
2026-01-18 20:16:18,Popeyes,2x1 algunos productos
2026-01-18 20:16:18,Domino's Pizza,-50% algunos productos
2026-01-18 20:16:18,Telepizza,-60% algunos productos
2026-01-18 20:16:18,Papa Johns,-55% algunos productos
2026-01-18 20:16:18,Papa Johns,2x1 algunos productos
2026-01-18 20:16:18,Aloha,-30% algunos productos
2026-01-18 20:16:18,Aloha,2x1 algunos productos
2026-01-18 20:16:18,Taco Bell,-40% algunos productos
2026-01-18 20:16:18,Sushi Sapporo,2x1 algunos productos
2026-01-18 20:16:18,Empanadas Malvón,2x1 algunos productos
2026-01-18 20:16:18,Empanadas Malvón,-10% algunos productos
2026-01-18 20:16:18,Urban Poke,-30% algunos productos
2026-01-18 20:16:18,Crema,-30% algunos productos
2026-01-18 20:16:18,Tonino's,-30% algunos productos
2026-01-18 20:16:18,Starbucks,-30% algunos productos
2026-01-18 20:16:18,Starbucks,2x1 algunos productos
2026-01-18 20:16:18,Lucense,-30% algunos productos
2026-01-18 20:16:18,Piraña,-15% a partir de 10 €
2026-01-18 20:16:18,La Sureña,2x1 algunos productos
2026-01-18 20:16:18,Top Poké,-30% algunos productos
2026-01-19 20:17:17,Burger King,2x1 algunos productos
2026-01-19 20:17:17,Burger King,-20% algunos productos
2026-01-19 20:17:17,KFC,2x1 algunos productos
2026-01-19 20:17:17,KFC,-40% algunos productos
2026-01-19 20:17:17,Goiko,-20% algunos productos
2026-01-19 20:17:17,Popeyes,2x1 algunos productos
2026-01-19 20:17:17,Popeyes,-45% con Prime
2026-01-19 20:17:17,Domino's Pizza,-50% algunos productos
2026-01-19 20:17:17,Telepizza,-60% algunos productos
2026-01-19 20:17:17,Papa Johns,2x1 algunos productos
2026-01-19 20:17:17,Papa Johns,-55% algunos productos
2026-01-19 20:17:17,Aloha,2x1 algunos productos
2026-01-19 20:17:17,Aloha,-30% algunos productos
2026-01-19 20:17:17,Ginos,2x1 algunos productos
2026-01-19 20:17:17,Empanadas Malvón,2x1 algunos productos
2026-01-19 20:17:17,Empanadas Malvón,-10% algunos productos
2026-01-19 20:17:17,Urban Poke,-30% algunos productos
2026-01-19 20:17:17,Crema,-30% algunos productos
2026-01-19 20:17:17,Sibuya,-20% algunos productos
2026-01-19 20:17:17,VIPS,2x1 algunos productos
2026-01-19 20:17:17,Lucense,-30% algunos productos
2026-01-19 20:17:17,Piraña,-15% a partir de 10 €
2026-01-19 20:17:17,La Sureña,2x1 algunos productos
2026-01-19 20:17:17,Sushi Sapporo Dos,2x1 algunos productos
2026-01-19 20:17:17,Top Poké,-30% algunos productos
2026-01-19 20:17:17,MAKAY POKE,-25% con Prime
2026-01-19 20:17:17,MAKAY POKE,-15% algunos productos
2026-01-20 20:39:55,Burger King,-20% algunos productos
2026-01-20 20:39:55,Burger King,2x1 algunos productos
2026-01-20 20:39:55,KFC,-40% algunos productos
2026-01-20 20:39:55,KFC,2x1 algunos productos
2026-01-20 20:39:55,EL RECREO BURGER®,-15% algunos productos
2026-01-20 20:39:55,EL RECREO BURGER®,-25% con Prime
2026-01-20 20:39:55,Goiko,-20% algunos productos
2026-01-20 20:39:55,Popeyes,-45% con Prime
2026-01-20 20:39:55,Popeyes,2x1 algunos productos
2026-01-20 20:39:55,Domino's Pizza,-50% algunos productos
2026-01-20 20:39:55,Telepizza,-60% algunos productos
2026-01-20 20:39:55,Papa Johns,2x1 algunos productos
2026-01-20 20:39:55,Papa Johns,-55% algunos productos
2026-01-20 20:39:55,Aloha,2x1 algunos productos
2026-01-20 20:39:55,Aloha,-30% algunos productos
2026-01-20 20:39:55,Taco Bell,-40% algunos productos
2026-01-20 20:39:55,Sushi Sapporo,2x1 algunos productos
2026-01-20 20:39:55,Ginos,2x1 algunos productos
2026-01-20 20:39:55,Urban Poke,-30% algunos productos
2026-01-20 20:39:55,Crema,-30% algunos productos
2026-01-20 20:39:55,Sibuya,-20% algunos productos
2026-01-20 20:39:55,VIPS,2x1 algunos productos
2026-01-20 20:39:55,Lucense,-30% algunos productos
2026-01-20 20:39:55,Piraña,-15% a partir de 10 €
2026-01-20 20:39:55,La Sureña,2x1 algunos productos
2026-01-20 20:39:55,Sushi Sapporo Dos,2x1 algunos productos
2026-01-20 20:39:55,Top Poké,-30% algunos productos
2026-01-20 20:39:55,Nora Sushi,2x1 algunos productos
2026-01-20 20:39:55,Bk. Sushi & Café Bar,2x1 algunos productos
2026-01-20 20:39:55,Lobbers Valladolid,2x1 algunos productos
2026-01-21 20:23:55,Burger King,-20% algunos productos
2026-01-21 20:23:55,Burger King,2x1 algunos productos
2026-01-21 20:23:55,KFC,2x1 algunos productos
2026-01-21 20:23:55,KFC,-40% algunos productos
2026-01-21 20:23:55,EL RECREO BURGER®,-15% algunos productos
2026-01-21 20:23:55,EL RECREO BURGER®,-25% con Prime
2026-01-21 20:23:55,Goiko,-20% algunos productos
2026-01-21 20:23:55,Popeyes,-45% con Prime
2026-01-21 20:23:55,Popeyes,2x1 algunos productos
2026-01-21 20:23:55,Domino's Pizza,-50% algunos productos
2026-01-21 20:23:55,Telepizza,-60% algunos productos
2026-01-21 20:23:55,Papa Johns,2x1 algunos productos
2026-01-21 20:23:55,Papa Johns,-55% algunos productos
2026-01-21 20:23:55,Aloha,2x1 algunos productos
2026-01-21 20:23:55,Aloha,-30% algunos productos
2026-01-21 20:23:55,Taco Bell,-40% algunos productos
2026-01-21 20:23:55,Sushi Sapporo,2x1 algunos productos
2026-01-21 20:23:55,Asador El Sabrosón,-10% algunos productos
2026-01-21 20:23:55,Asador El Sabrosón,-15% con Prime
2026-01-21 20:23:55,Ginos,2x1 algunos productos
2026-01-21 20:23:55,Empanadas Malvón,2x1 algunos productos
2026-01-21 20:23:55,Urban Poke,-30% algunos productos
2026-01-21 20:23:55,Crema,-30% algunos productos
2026-01-21 20:23:55,Sibuya,-20% algunos productos
2026-01-21 20:23:55,Tonino's,-30% algunos productos
2026-01-21 20:23:55,Cafetería El Cardenal,-20% algunos productos
2026-01-21 20:23:55,VIPS,2x1 algunos productos
2026-01-21 20:23:55,Lucense,-30% algunos productos
2026-01-21 20:23:55,Piraña,-15% a partir de 10 €
2026-01-21 20:23:55,Andiamo Pizzería,-20% algunos productos
2026-01-21 20:23:55,La Sureña,2x1 algunos productos
2026-01-21 20:23:55,ZaPizza,-20% algunos productos
2026-01-21 20:23:55,Sushi Sapporo Dos,Entrega gratis a partir de 20 €
2026-01-21 20:23:55,Sushi Sapporo Dos,2x1 algunos productos
2026-01-22 20:19:16,Burger King,2x1 algunos productos
2026-01-22 20:19:16,Burger King,-20% algunos productos
2026-01-22 20:19:16,KFC,-40% algunos productos
2026-01-22 20:19:16,KFC,2x1 algunos productos
2026-01-22 20:19:16,EL RECREO BURGER®,-25% con Prime
2026-01-22 20:19:16,EL RECREO BURGER®,-15% algunos productos
2026-01-22 20:19:16,Goiko,-20% algunos productos
2026-01-22 20:19:16,Popeyes,-45% con Prime
2026-01-22 20:19:16,Popeyes,2x1 algunos productos
2026-01-22 20:19:16,Domino's Pizza,-50% algunos productos
2026-01-22 20:19:16,Telepizza,-60% algunos productos
2026-01-22 20:19:16,Papa Johns,2x1 algunos productos
2026-01-22 20:19:16,Papa Johns,-55% algunos productos
2026-01-22 20:19:16,Aloha,2x1 algunos productos
2026-01-22 20:19:16,Aloha,-30% algunos productos
2026-01-22 20:19:16,Taco Bell,-40% algunos productos
2026-01-22 20:19:16,Sushi Sapporo,2x1 algunos productos
2026-01-22 20:19:16,Asador El Sabrosón,-15% con Prime
2026-01-22 20:19:16,Asador El Sabrosón,-10% algunos productos
2026-01-22 20:19:16,Ginos,2x1 algunos productos
2026-01-22 20:19:16,Empanadas Malvón,-10% algunos productos
2026-01-22 20:19:16,Empanadas Malvón,2x1 algunos productos
2026-01-22 20:19:16,Urban Poke,-30% algunos productos
2026-01-22 20:19:16,Crema,-30% algunos productos
2026-01-22 20:19:16,Sibuya,-20% algunos productos
2026-01-22 20:19:16,Tonino's,-30% algunos productos
2026-01-22 20:19:16,Cafetería El Cardenal,-20% algunos productos
2026-01-22 20:19:16,VIPS,2x1 algunos productos
2026-01-22 20:19:16,Lucense,-30% algunos productos
2026-01-22 20:19:16,Piraña,-15% a partir de 10 €
2026-01-22 20:19:16,Andiamo Pizzería,-20% algunos productos
2026-01-23 20:18:35,Burger King,-20% algunos productos
2026-01-23 20:18:35,Burger King,2x1 algunos productos
2026-01-23 20:18:35,KFC,2x1 algunos productos
2026-01-23 20:18:35,KFC,-40% algunos productos
2026-01-23 20:18:35,EL RECREO BURGER®,-15% algunos productos
2026-01-23 20:18:35,Taco Bell,-40% algunos productos
2026-01-23 20:18:35,Goiko,-20% algunos productos
2026-01-23 20:18:35,Aloha,-30% algunos productos
2026-01-23 20:18:35,Aloha,2x1 algunos productos
2026-01-23 20:18:35,Sibuya,-20% algunos productos
2026-01-23 20:18:35,Ginos,2x1 algunos productos
2026-01-23 20:18:35,Lobbers Valladolid,2x1 algunos productos
2026-01-23 20:18:35,Papa Johns,2x1 algunos productos
2026-01-23 20:18:35,Papa Johns,-55% algunos productos
2026-01-23 20:18:35,Nora Sushi,2x1 algunos productos
2026-01-23 20:18:35,Tonino's,-30% algunos productos
2026-01-23 20:18:35,Asador El Sabrosón,-15% con Prime
2026-01-23 20:18:35,Asador El Sabrosón,-10% algunos productos
2026-01-23 20:18:35,Starbucks,-30% algunos productos
2026-01-23 20:18:35,Starbucks,2x1 algunos productos
2026-01-23 20:18:35,Piraña,-15% a partir de 10 €
2026-01-23 20:18:35,Urban Poke,-30% algunos productos
2026-01-23 20:18:35,Meneo,-55% algunos productos
2026-01-23 20:18:35,La Sureña,2x1 algunos productos
2026-01-23 20:18:35,Auana Poke,-20% algunos productos
2026-01-23 20:18:35,Auana Poke,-30% con Prime
2026-01-23 20:18:35,Fat Smash,-30% a partir de 10 €
2026-01-23 20:18:35,MAKAY POKE,-25% con Prime
2026-01-23 20:18:35,MAKAY POKE,-15% algunos productos
2026-01-23 20:18:35,Lucense,-30% algunos productos
2026-01-24 20:15:51,Burger King,-20% algunos productos
2026-01-24 20:15:51,Burger King,2x1 algunos productos
2026-01-24 20:15:51,KFC,-40% algunos productos
2026-01-24 20:15:51,KFC,2x1 algunos productos
2026-01-24 20:15:51,Taco Bell,-40% algunos productos
2026-01-24 20:15:51,Goiko,-20% algunos productos
2026-01-24 20:15:51,Aloha,-30% algunos productos
2026-01-24 20:15:51,Aloha,2x1 algunos productos
2026-01-24 20:15:51,Sibuya,-20% algunos productos
2026-01-24 20:15:51,Ginos,2x1 algunos productos
2026-01-24 20:15:51,Papa Johns,2x1 algunos productos
2026-01-24 20:15:51,Papa Johns,-55% algunos productos
2026-01-24 20:15:51,Sushi Sapporo Dos,2x1 algunos productos
2026-01-24 20:15:51,Sushi Sapporo,2x1 algunos productos
2026-01-24 20:15:51,Nora Sushi,2x1 algunos productos
2026-01-24 20:15:51,Starbucks,-30% algunos productos
2026-01-24 20:15:51,Starbucks,2x1 algunos productos
2026-01-24 20:15:51,Top Poké,-30% algunos productos
2026-01-24 20:15:51,Tonino's,-30% algunos productos
2026-01-24 20:15:51,La Cotufa,Entrega gratis a partir de 40 €
2026-01-24 20:15:51,Asador El Sabrosón,-15% con Prime
2026-01-24 20:15:51,Asador El Sabrosón,-10% algunos productos
2026-01-24 20:15:51,Piraña,-15% a partir de 10 €
2026-01-24 20:15:51,Urban Poke,-30% algunos productos
2026-01-24 20:15:51,La Sureña,2x1 algunos productos
2026-01-24 20:15:51,Crema,-30% algunos productos
2026-01-24 20:15:51,Meneo,-55% algunos productos
2026-01-25 20:17:15,Burger King,-20% algunos productos
2026-01-25 20:17:15,Burger King,2x1 algunos productos
2026-01-25 20:17:15,KFC,-40% algunos productos
2026-01-25 20:17:15,KFC,2x1 algunos productos
2026-01-25 20:17:15,Taco Bell,-40% algunos productos
2026-01-25 20:17:15,Aloha,-30% algunos productos
2026-01-25 20:17:15,Aloha,2x1 algunos productos
2026-01-25 20:17:15,Sibuya,-20% algunos productos
2026-01-25 20:17:15,Ginos,2x1 algunos productos
2026-01-25 20:17:15,Sushi Sapporo,2x1 algunos productos
2026-01-25 20:17:15,Nora Sushi,2x1 algunos productos
2026-01-25 20:17:15,Starbucks,-30% algunos productos
2026-01-25 20:17:15,Starbucks,2x1 algunos productos
2026-01-25 20:17:15,Tonino's,-30% algunos productos
2026-01-25 20:17:15,Top Poké,-30% algunos productos
2026-01-25 20:17:15,La Cotufa,Entrega gratis a partir de 40 €
2026-01-25 20:17:15,Piraña,-15% a partir de 10 €
2026-01-25 20:17:15,Urban Poke,-30% algunos productos
2026-01-25 20:17:15,La Sureña,2x1 algunos productos
2026-01-25 20:17:15,Meneo,-55% algunos productos
2026-01-25 20:17:15,Lucense,-30% algunos productos
2026-01-25 20:17:15,Auana Poke,-20% algunos productos
2026-01-25 20:17:15,Auana Poke,-30% con Prime
2026-01-25 20:17:15,Fat Smash,-30% a partir de 10 €
2026-01-26 20:19:39,Burger King,2x1 algunos productos
2026-01-26 20:19:39,Burger King,-30% algunos productos
2026-01-26 20:19:39,KFC,-40% algunos productos
2026-01-26 20:19:39,Mamataco,-30% con Prime
2026-01-26 20:19:39,Mamataco,-20% algunos productos
2026-01-26 20:19:39,Taco Bell,-40% algunos productos
2026-01-26 20:19:39,Aloha,2x1 algunos productos
2026-01-26 20:19:39,Aloha,-30% algunos productos
2026-01-26 20:19:39,Sibuya,-20% algunos productos
2026-01-26 20:19:39,Ginos,-30% algunos productos
2026-01-26 20:19:39,Papa Johns,-55% algunos productos
2026-01-26 20:19:39,Papa Johns,2x1 algunos productos
2026-01-26 20:19:39,Padthaiwok,-30% con Prime
2026-01-26 20:19:39,Padthaiwok,-20% algunos productos
2026-01-26 20:19:39,Empanadas Malvón,-30% algunos productos
2026-01-26 20:19:39,Urban Poke,-20% algunos productos
2026-01-26 20:19:39,Piraña,-15% a partir de 10 €
2026-01-26 20:19:39,ULTRAMARINOS MARICARMEN,-20% a partir de 15 €
2026-01-26 20:19:39,La Sureña,2x1 algunos productos
2026-01-26 20:19:39,Meneo,-55% algunos productos
2026-01-26 20:19:39,Crema,-25% algunos productos
2026-01-26 20:19:39,Lucense,-20% a partir de 25 €
2026-01-26 20:19:39,MAKAY POKE,-25% con Prime
2026-01-26 20:19:39,MAKAY POKE,-15% algunos productos
2026-01-26 20:19:39,Bodeguilla Dugar,-10% a partir de 40 €
2026-01-27 20:17:00,Burger King,-30% algunos productos
2026-01-27 20:17:00,Burger King,2x1 algunos productos
2026-01-27 20:17:00,KFC,-40% algunos productos
2026-01-27 20:17:00,Aloha,-25% con Prime
2026-01-27 20:17:00,Aloha,2x1 algunos productos
2026-01-27 20:17:00,Mamataco,-30% con Prime
2026-01-27 20:17:00,Mamataco,-20% algunos productos
2026-01-27 20:17:00,Taco Bell,-40% algunos productos
2026-01-27 20:17:00,Taco Bell,2x1 algunos productos
2026-01-27 20:17:00,Ginos,-30% algunos productos
2026-01-27 20:17:00,Sibuya,-20% algunos productos
2026-01-27 20:17:00,Lobbers Valladolid,2x1 algunos productos
2026-01-27 20:17:00,Goiko,-30% algunos productos
2026-01-27 20:17:00,Papa Johns,-55% algunos productos
2026-01-27 20:17:00,Papa Johns,2x1 algunos productos
2026-01-27 20:17:00,Padthaiwok,-30% con Prime
2026-01-27 20:17:00,Padthaiwok,-20% algunos productos
2026-01-27 20:17:00,Sushi Sapporo Dos,2x1 algunos productos
2026-01-27 20:17:00,Sushi Sapporo,2x1 algunos productos
2026-01-27 20:17:00,Urban Poke,-20% algunos productos
2026-01-27 20:17:00,La Sureña,2x1 algunos productos
2026-01-27 20:17:00,Crema,-25% algunos productos
2026-01-27 20:17:00,Meneo,-55% algunos productos
2026-01-27 20:17:00,MAKAY POKE,-15% algunos productos
2026-01-27 20:17:00,MAKAY POKE,-25% con Prime
2026-01-27 20:17:00,Auana Poke,Entrega gratis a partir de 25 €
2026-01-27 20:17:00,Lucense,-20% a partir de 25 €
2026-01-27 20:17:00,Bodeguilla Dugar,-10% a partir de 40 €
2026-01-27 20:17:00,Bodeguilla Dugar,Entrega gratis a partir de 30 €
2026-01-27 20:17:00,VallaPizza!,-10% a partir de 20 €
2026-01-27 20:17:00,Andiamo Pizzería,-20% algunos productos
2026-01-28 20:22:07,Burger King,2x1 algunos productos
2026-01-28 20:22:07,Burger King,-30% algunos productos
2026-01-28 20:22:07,KFC,-40% algunos productos
2026-01-28 20:22:07,Nache's,-30% algunos productos
2026-01-28 20:22:07,VIPS,2x1 algunos productos
2026-01-28 20:22:07,Taco Bell,-40% algunos productos
2026-01-28 20:22:07,Taco Bell,2x1 algunos productos
2026-01-28 20:22:07,Mamataco,-20% algunos productos
2026-01-28 20:22:07,Mamataco,-30% con Prime
2026-01-28 20:22:07,Sibuya,-20% algunos productos
2026-01-28 20:22:07,Aloha,-25% con Prime
2026-01-28 20:22:07,Aloha,2x1 algunos productos
2026-01-28 20:22:07,Goiko,-30% algunos productos
2026-01-28 20:22:07,Grosso Napoletano Pizzería,-30% algunos productos
2026-01-28 20:22:07,Ginos,-30% algunos productos
2026-01-28 20:22:07,Ginos,-35% con Prime
2026-01-28 20:22:07,Lobbers Valladolid,2x1 algunos productos
2026-01-28 20:22:07,Papa Johns,-55% algunos productos
2026-01-28 20:22:07,Papa Johns,2x1 algunos productos
2026-01-28 20:22:07,Padthaiwok,-20% algunos productos
2026-01-28 20:22:07,Padthaiwok,-30% con Prime
2026-01-28 20:22:07,Bk. Sushi & Café Bar,2x1 algunos productos
2026-01-28 20:22:07,Top Poké,-30% algunos productos
2026-01-28 20:22:07,Nora Sushi,2x1 algunos productos
2026-01-28 20:22:07,La Cotufa,Entrega gratis a partir de 40 €
2026-01-28 20:22:07,Tonino's,-30% algunos productos
2026-01-28 20:22:07,Piraña,-15% a partir de 10 €
2026-01-28 20:22:07,Empanadas Malvón,-30% algunos productos
2026-01-28 20:22:07,La Lunchería,-25% con Prime
2026-01-28 20:22:07,La Lunchería,-15% algunos productos
2026-01-28 20:22:07,Urban Poke,-20% algunos productos
2026-01-28 20:22:07,La Sureña,2x1 algunos productos
2026-01-28 20:22:07,Meneo,-55% algunos productos
2026-01-28 20:22:07,Auana Poke,Entrega gratis a partir de 25 €
2026-01-28 20:22:07,Lucense,-20% a partir de 25 €
2026-01-28 20:22:07,MAKAY POKE,-25% con Prime
2026-01-28 20:22:07,MAKAY POKE,-15% algunos productos
2026-01-28 20:22:07,JFK Burgers,-30% a partir de 10 €
2026-01-28 20:22:07,Fat Smash,-30% a partir de 10 €
2026-01-28 20:22:07,Crema,-25% algunos productos
2026-01-29 20:22:58,Sushi Sapporo Dos,2x1 algunos productos
2026-01-29 20:22:58,Sushi Sapporo Dos,-25% con Prime
2026-01-29 20:22:58,Top Poké,-30% algunos productos
2026-01-29 20:22:58,Aloha,2x1 algunos productos
2026-01-29 20:22:58,Aloha,-25% con Prime
2026-01-29 20:22:58,Telepizza,-60% algunos productos
2026-01-29 20:22:58,Nora Sushi,2x1 algunos productos
2026-01-29 20:22:58,Papa Johns,-55% algunos productos
2026-01-29 20:22:58,Papa Johns,2x1 algunos productos
2026-01-29 20:22:58,Sushi Sapporo,2x1 algunos productos
2026-01-29 20:22:58,Bk. Sushi & Café Bar,2x1 algunos productos
2026-01-29 20:22:58,Lucense,-20% a partir de 25 €
2026-01-29 20:22:58,Lobbers Valladolid,2x1 algunos productos
2026-01-29 20:22:58,6am Fried Chicken,2x1 algunos productos
2026-01-29 20:22:58,MAKAY POKE,-15% algunos productos
2026-01-29 20:22:58,MAKAY POKE,-25% con Prime
2026-01-29 20:22:58,Goiko,-30% algunos productos
2026-01-29 20:22:58,Ginos,-30% algunos productos
2026-01-29 20:22:58,Ginos,-35% con Prime
2026-01-29 20:22:58,Tonino's,-30% algunos productos
2026-01-29 20:22:58,Piraña,-15% a partir de 10 €
2026-01-29 20:22:58,Empanadas Malvón,-30% algunos productos
2026-01-29 20:22:58,Urban Poke,-20% algunos productos
2026-01-29 20:22:58,La Lunchería,-15% algunos productos
2026-01-29 20:22:58,La Lunchería,-25% con Prime
2026-01-29 20:22:58,ULTRAMARINOS MARICARMEN,-20% a partir de 15 €
2026-01-29 20:22:58,La Sureña,2x1 algunos productos
2026-01-29 20:22:58,Meneo,-55% algunos productos
2026-01-29 20:22:58,Fat Smash,-30% a partir de 10 €
2026-01-29 20:22:58,JFK Burgers,-30% a partir de 10 €
2026-01-30 20:22:19,Burger King,2x1 algunos productos
2026-01-30 20:22:19,Burger King,-30% algunos productos
2026-01-30 20:22:19,KFC,-40% algunos productos
2026-01-30 20:22:19,Nache's,-30% algunos productos
2026-01-30 20:22:19,Taco Bell,2x1 algunos productos
2026-01-30 20:22:19,Taco Bell,-40% algunos productos
2026-01-30 20:22:19,Mamataco,-20% algunos productos
2026-01-30 20:22:19,Mamataco,-30% con Prime
2026-01-30 20:22:19,Aloha,2x1 algunos productos
2026-01-30 20:22:19,Aloha,-25% con Prime
2026-01-30 20:22:19,Sibuya,-20% algunos productos
2026-01-30 20:22:19,Goiko,-30% algunos productos
2026-01-30 20:22:19,Grosso Napoletano Pizzería,-30% algunos productos
2026-01-30 20:22:19,Ginos,-30% algunos productos
2026-01-30 20:22:19,Ginos,-35% con Prime
2026-01-30 20:22:19,Padthaiwok,-20% algunos productos
2026-01-30 20:22:19,Padthaiwok,-30% con Prime
2026-01-30 20:22:19,Sushi Sapporo,2x1 algunos productos
2026-01-30 20:22:19,Sushi Sapporo Dos,2x1 algunos productos
2026-01-30 20:22:19,Sushi Sapporo Dos,-25% con Prime
2026-01-30 20:22:19,Top Poké,-30% algunos productos
2026-01-30 20:22:19,Tostatto Sandwich & Drinks,-10% algunos productos
2026-01-30 20:22:19,Tostatto Sandwich & Drinks,-15% a partir de 35 €
2026-01-30 20:22:19,Sabroson 2,-10% a partir de 35 €
2026-01-30 20:22:19,Nora Sushi,2x1 algunos productos
2026-01-30 20:22:19,Tonino's,-30% algunos productos
2026-01-30 20:22:19,Starbucks,-30% algunos productos
2026-01-30 20:22:19,Piraña,-15% a partir de 10 €
2026-01-30 20:22:19,Asador El Sabrosón,-10% a partir de 35 €
2026-01-30 20:22:19,Empanadas Malvón,-30% algunos productos
2026-01-30 20:22:19,Urban Poke,-20% algunos productos
2026-01-30 20:22:19,La Sureña,2x1 algunos productos
2026-01-30 20:22:19,ULTRAMARINOS MARICARMEN,-20% a partir de 15 €
2026-01-31 20:18:22,Burger King,-30% algunos productos
2026-01-31 20:18:22,Burger King,2x1 algunos productos
2026-01-31 20:18:22,KFC,-40% algunos productos
2026-01-31 20:18:22,Nache's,-30% algunos productos
2026-01-31 20:18:22,Taco Bell,-40% algunos productos
2026-01-31 20:18:22,Taco Bell,2x1 algunos productos
2026-01-31 20:18:22,Goiko,-30% algunos productos
2026-01-31 20:18:22,Aloha,-25% con Prime
2026-01-31 20:18:22,Aloha,2x1 algunos productos
2026-01-31 20:18:22,Sibuya,-20% algunos productos
2026-01-31 20:18:22,Ginos,-30% algunos productos
2026-01-31 20:18:22,Ginos,-35% con Prime
2026-01-31 20:18:22,Papa Johns,-55% algunos productos
2026-01-31 20:18:22,Papa Johns,2x1 algunos productos
2026-01-31 20:18:22,Bk. Sushi & Café Bar,2x1 algunos productos
2026-01-31 20:18:22,Sushi Sapporo,2x1 algunos productos
2026-01-31 20:18:22,Tostatto Sandwich & Drinks,-10% algunos productos
2026-01-31 20:18:22,Top Poké,-30% algunos productos
2026-01-31 20:18:22,Nora Sushi,2x1 algunos productos
2026-01-31 20:18:22,Tonino's,-30% algunos productos
2026-01-31 20:18:22,Starbucks,-30% algunos productos
2026-01-31 20:18:22,Asador El Sabrosón,-10% a partir de 35 €
2026-01-31 20:18:22,Empanadas Malvón,-30% algunos productos
2026-01-31 20:18:22,Piraña,-15% a partir de 10 €
2026-01-31 20:18:22,Urban Poke,-20% algunos productos
2026-01-31 20:18:22,ULTRAMARINOS MARICARMEN,-20% a partir de 15 €
2026-01-31 20:18:22,La Lunchería,-25% con Prime
2026-01-31 20:18:22,La Lunchería,-15% algunos productos
2026-01-31 20:18:22,La Sureña,2x1 algunos productos
2026-01-31 20:18:22,Meneo,-55% algunos productos
2026-01-31 20:18:22,MAKAY POKE,-25% con Prime
2026-01-31 20:18:22,MAKAY POKE,-15% algunos productos
2026-01-31 20:18:22,Fat Smash,-30% a partir de 10 €
2026-02-01 20:18:26,Burger King,2x1 algunos productos
2026-02-01 20:18:26,Burger King,-30% algunos productos
2026-02-01 20:18:26,KFC,-40% algunos productos
2026-02-01 20:18:26,Nache's,-30% algunos productos
2026-02-01 20:18:26,Goiko,-30% algunos productos
2026-02-01 20:18:26,Sibuya,-20% algunos productos
2026-02-01 20:18:26,Aloha,2x1 algunos productos
2026-02-01 20:18:26,Aloha,-25% con Prime
2026-02-01 20:18:26,Padthaiwok,-20% algunos productos
2026-02-01 20:18:26,Padthaiwok,-30% con Prime
2026-02-01 20:18:26,Ginos,-30% algunos productos
2026-02-01 20:18:26,Ginos,-35% con Prime
2026-02-01 20:18:26,Papa Johns,2x1 algunos productos
2026-02-01 20:18:26,Papa Johns,-55% algunos productos
2026-02-01 20:18:26,Sushi Sapporo Dos,2x1 algunos productos
2026-02-01 20:18:26,Sushi Sapporo Dos,-25% con Prime
2026-02-01 20:18:26,Sabroson 2,-10% a partir de 35 €
2026-02-01 20:18:26,Sushi Sapporo,2x1 algunos productos
2026-02-01 20:18:26,Tostatto Sandwich & Drinks,-10% algunos productos
2026-02-01 20:18:26,Ditaly Pizza Napolitana,Entrega gratis a partir de 30 €
2026-02-01 20:18:26,Top Poké,-30% algunos productos
2026-02-01 20:18:26,Tonino's,-30% algunos productos
2026-02-01 20:18:26,Nora Sushi,2x1 algunos productos
2026-02-01 20:18:26,Starbucks,-30% algunos productos
2026-02-01 20:18:26,Urban Poke,-20% algunos productos
2026-02-01 20:18:26,Empanadas Malvón,-30% algunos productos
2026-02-01 20:18:26,Piraña,-15% a partir de 10 €
2026-02-01 20:18:26,ULTRAMARINOS MARICARMEN,-20% a partir de 15 €
2026-02-01 20:18:26,La Sureña,2x1 algunos productos
2026-02-01 20:18:26,Auana Poke,Entrega gratis a partir de 25 €
2026-02-01 20:18:26,Meneo,-55% algunos productos
2026-02-01 20:18:26,Fat Smash,-30% a partir de 10 €
2026-02-03 20:29:05,McDonald's®,2x1 algunos productos
2026-02-03 20:29:05,Burger King,-30% algunos productos
2026-02-03 20:29:05,Burger King,2x1 algunos productos
2026-02-03 20:29:05,EL RECREO BURGER®,-30% algunos productos
2026-02-03 20:29:05,VIPS,2x1 algunos productos
2026-02-03 20:29:05,Taco Bell,-40% algunos productos
2026-02-03 20:29:05,Aloha,-30% algunos productos
2026-02-03 20:29:05,Aloha,2x1 algunos productos
2026-02-03 20:29:05,Goiko,-20% algunos productos
2026-02-03 20:29:05,Goiko,2x1 algunos productos
2026-02-03 20:29:05,Ginos,-30% algunos productos
2026-02-03 20:29:05,Ginos,-35% con Prime
2026-02-03 20:29:05,Grosso Napoletano Pizzería,2x1 algunos productos
2026-02-03 20:29:05,Lobbers Valladolid,2x1 algunos productos
2026-02-03 20:29:05,Papa Johns,2x1 algunos productos
2026-02-03 20:29:05,Papa Johns,-55% algunos productos
2026-02-03 20:29:05,La Mafia Se Sienta a La Mesa,Entrega gratis a partir de 40 €
2026-02-03 20:29:05,Empanadas Malvón,-30% algunos productos
2026-02-03 20:29:05,Empanadas Malvón,-40% con Prime
2026-02-03 20:29:05,Asador El Sabrosón,-10% a partir de 35 €
2026-02-03 20:29:05,Piraña,-15% a partir de 10 €
2026-02-03 20:29:05,Urban Poke,-20% algunos productos
2026-02-03 20:29:05,La Sureña,2x1 algunos productos
2026-02-03 20:29:05,Crema,-25% algunos productos
2026-02-03 20:29:05,Meneo,-55% algunos productos
2026-02-03 20:29:05,Fú King,2x1 algunos productos
2026-02-03 20:29:05,Lucense,-20% a partir de 25 €
2026-02-03 20:29:05,JFK Burgers,-30% a partir de 10 €
2026-02-03 20:29:05,MAKAY POKE,-25% con Prime
2026-02-03 20:29:05,MAKAY POKE,-15% algunos productos
2026-02-03 20:29:05,Fat Smash,-30% a partir de 10 €
2026-02-03 20:29:05,Auana Poke,Entrega gratis a partir de 25 €
2026-02-03 20:29:05,VallaPizza!,-10% a partir de 20 €
2026-02-04 20:26:24,McDonald's®,2x1 algunos productos
2026-02-04 20:26:24,Burger King,-30% algunos productos
2026-02-04 20:26:24,Burger King,2x1 algunos productos
2026-02-04 20:26:24,KFC,-40% algunos productos
2026-02-04 20:26:24,Nache's,-30% algunos productos
2026-02-04 20:26:24,VIPS,2x1 algunos productos
2026-02-04 20:26:24,Taco Bell,-40% algunos productos
2026-02-04 20:26:24,Goiko,2x1 algunos productos
2026-02-04 20:26:24,Goiko,-20% algunos productos
2026-02-04 20:26:24,Aloha,-30% algunos productos
2026-02-04 20:26:24,Aloha,2x1 algunos productos
2026-02-04 20:26:24,Ginos,-35% con Prime
2026-02-04 20:26:24,Ginos,-30% algunos productos
2026-02-04 20:26:24,Papa Johns,-55% algunos productos
2026-02-04 20:26:24,Papa Johns,2x1 algunos productos
2026-02-04 20:26:24,Bk. Sushi & Café Bar,2x1 algunos productos
2026-02-04 20:26:24,Top Poké,-30% algunos productos
2026-02-04 20:26:24,Top Poké,Entrega gratis a partir de 20 €
2026-02-04 20:26:24,Ditaly Pizza Napolitana,Entrega gratis a partir de 30 €
2026-02-04 20:26:24,Nora Sushi,2x1 algunos productos
2026-02-04 20:26:24,Tonino's,-30% algunos productos
2026-02-04 20:26:24,Piraña,-15% a partir de 10 €
2026-02-04 20:26:24,Empanadas Malvón,-30% algunos productos
2026-02-04 20:26:24,Urban Poke,-20% algunos productos
2026-02-04 20:26:24,La Sureña,2x1 algunos productos
2026-02-04 20:26:24,Meneo,-55% algunos productos
2026-02-04 20:26:24,Fú King,2x1 algunos productos
2026-02-04 20:26:24,Lucense,-20% a partir de 25 €
2026-02-04 20:26:24,Auana Poke,Entrega gratis a partir de 25 €
2026-02-04 20:26:24,Fat Smash,-30% a partir de 10 €
2026-02-04 20:26:24,MAKAY POKE,-25% con Prime
2026-02-04 20:26:24,MAKAY POKE,-15% algunos productos
2026-02-04 20:26:24,JFK Burgers,-30% a partir de 10 €
2026-02-04 20:26:24,Crema,-25% algunos productos
2026-02-05 20:26:12,Burger King,2x1 algunos productos
2026-02-05 20:26:12,Burger King,-30% algunos productos
2026-02-05 20:26:12,McDonald's®,2x1 algunos productos
2026-02-05 20:26:12,KFC,-40% algunos productos
2026-02-05 20:26:12,Nache's,-30% algunos productos
2026-02-05 20:26:12,Mamataco,-20% algunos productos
2026-02-05 20:26:12,Mamataco,-30% con Prime
2026-02-05 20:26:12,Goiko,-20% algunos productos
2026-02-05 20:26:12,Goiko,2x1 algunos productos
2026-02-05 20:26:12,Aloha,2x1 algunos productos
2026-02-05 20:26:12,Aloha,-30% algunos productos
2026-02-05 20:26:12,VIPS,2x1 algunos productos
2026-02-05 20:26:12,Papa Johns,-55% algunos productos
2026-02-05 20:26:12,Papa Johns,2x1 algunos productos
2026-02-05 20:26:12,Lobbers Valladolid,2x1 algunos productos
2026-02-05 20:26:12,Ginos,-30% algunos productos
2026-02-05 20:26:12,Ginos,-35% con Prime
2026-02-05 20:26:12,Top Poké,-30% algunos productos
2026-02-05 20:26:12,Nora Sushi,2x1 algunos productos
2026-02-05 20:26:12,VallaPizza!,-10% a partir de 20 €
2026-02-05 20:26:12,Tonino's,-30% algunos productos
2026-02-05 20:26:12,Piraña,-15% a partir de 10 €
2026-02-05 20:26:12,Empanadas Malvón,-30% algunos productos
2026-02-05 20:26:12,Crema,-25% algunos productos
2026-02-05 20:26:12,Urban Poke,-20% algunos productos
2026-02-05 20:26:12,Meneo,-55% algunos productos
2026-02-05 20:26:12,La Sureña,2x1 algunos productos
2026-02-05 20:26:12,JFK Burgers,-30% a partir de 10 €
2026-02-05 20:26:12,Fat Smash,-30% a partir de 10 €
2026-02-05 20:26:12,Fú King,2x1 algunos productos
2026-02-05 20:26:12,Lucense,-20% a partir de 25 €
2026-02-05 20:26:12,MAKAY POKE,-25% con Prime
2026-02-05 20:26:12,MAKAY POKE,-15% algunos productos
2026-02-05 20:26:12,Ben & Jerry's Y Magnum,-20% algunos productos
2026-02-06 20:25:56,Burger King,2x1 algunos productos
2026-02-06 20:25:56,Burger King,-30% algunos productos
2026-02-06 20:25:56,McDonald's®,2x1 algunos productos
2026-02-06 20:25:56,Taco Bell,-40% algunos productos
2026-02-06 20:25:56,Nache's,-30% algunos productos
2026-02-06 20:25:56,Aloha,2x1 algunos productos
2026-02-06 20:25:56,Aloha,-30% algunos productos
2026-02-06 20:25:56,Goiko,2x1 algunos productos
2026-02-06 20:25:56,Goiko,-20% algunos productos
2026-02-06 20:25:56,Grosso Napoletano Pizzería,-30% algunos productos
2026-02-06 20:25:56,Papa Johns,-55% algunos productos
2026-02-06 20:25:56,Papa Johns,2x1 algunos productos
2026-02-06 20:25:56,Lobbers Valladolid,2x1 algunos productos
2026-02-06 20:25:56,Sushi Sapporo,2x1 algunos productos
2026-02-06 20:25:56,Ditaly Pizza Napolitana,Entrega gratis a partir de 30 €
2026-02-06 20:25:56,Nora Sushi,2x1 algunos productos
2026-02-06 20:25:56,Top Poké,Entrega gratis a partir de 20 €
2026-02-06 20:25:56,Top Poké,-30% algunos productos
2026-02-06 20:25:56,VallaPizza!,-10% a partir de 20 €
2026-02-06 20:25:56,Starbucks,-30% algunos productos
2026-02-06 20:25:56,Empanadas Malvón,-30% algunos productos
2026-02-06 20:25:56,Urban Poke,-20% algunos productos
2026-02-06 20:25:56,Piraña,-15% a partir de 10 €
2026-02-06 20:25:56,Meneo,-55% algunos productos
2026-02-06 20:25:56,La Sureña,2x1 algunos productos
2026-02-06 20:25:56,JFK Burgers,-30% a partir de 10 €
2026-02-06 20:25:56,Auana Poke,Entrega gratis a partir de 25 €
2026-02-06 20:25:56,Fat Smash,-30% a partir de 10 €
2026-02-06 20:25:56,Fú King,2x1 algunos productos
2026-02-06 20:25:56,Lucense,-20% a partir de 25 €
2026-02-06 20:25:56,Ben & Jerry's Y Magnum,-20% algunos productos
2026-02-06 20:25:56,MAKAY POKE,-25% con Prime
2026-02-06 20:25:56,MAKAY POKE,-15% algunos productos
2026-02-07 20:18:48,McDonald's®,2x1 algunos productos
2026-02-07 20:18:48,Burger King,2x1 algunos productos
2026-02-07 20:18:48,Burger King,-30% algunos productos
2026-02-07 20:18:48,Nache's,-30% algunos productos
2026-02-07 20:18:48,KFC,-40% algunos productos
2026-02-07 20:18:48,Taco Bell,-40% algunos productos
2026-02-07 20:18:48,Goiko,2x1 algunos productos
2026-02-07 20:18:48,Goiko,-20% algunos productos
2026-02-07 20:18:48,Aloha,2x1 algunos productos
2026-02-07 20:18:48,Aloha,-30% algunos productos
2026-02-07 20:18:48,Lobbers Valladolid,2x1 algunos productos
2026-02-07 20:18:48,Papa Johns,2x1 algunos productos
2026-02-07 20:18:48,Papa Johns,-55% algunos productos
2026-02-07 20:18:48,Ginos,-35% con Prime
2026-02-07 20:18:48,Ginos,-30% algunos productos
2026-02-07 20:18:48,Bk. Sushi & Café Bar,2x1 algunos productos
2026-02-07 20:18:48,Nora Sushi,2x1 algunos productos
2026-02-07 20:18:48,Sabroson 2,-10% a partir de 35 €
2026-02-07 20:18:48,VallaPizza!,-10% a partir de 20 €
2026-02-07 20:18:48,Top Poké,Entrega gratis a partir de 20 €
2026-02-07 20:18:48,Top Poké,-30% algunos productos
2026-02-07 20:18:48,Starbucks,-30% algunos productos
2026-02-07 20:18:48,Piraña,-15% a partir de 10 €
2026-02-07 20:18:48,Urban Poke,-20% algunos productos
2026-02-07 20:18:48,Meneo,-55% algunos productos
2026-02-07 20:18:48,La Sureña,2x1 algunos productos
2026-02-07 20:18:48,Lucense,-20% a partir de 25 €
2026-02-07 20:18:48,Fat Smash,-30% a partir de 10 €
2026-02-07 20:18:48,Fú King,2x1 algunos productos
2026-02-07 20:18:48,JFK Burgers,-30% a partir de 10 €
2026-02-07 20:18:48,Auana Poke,Entrega gratis a partir de 25 €
2026-02-07 20:18:48,Ben & Jerry's Y Magnum,-20% algunos productos
2026-02-08 20:18:55,McDonald's®,2x1 algunos productos
2026-02-08 20:18:55,Burger King,-50% algunos productos
2026-02-08 20:18:55,Burger King,2x1 algunos productos
2026-02-08 20:18:55,Nache's,-30% algunos productos
2026-02-08 20:18:55,KFC,-40% algunos productos
2026-02-08 20:18:55,Taco Bell,-40% algunos productos
2026-02-08 20:18:55,Telepizza,-60% algunos productos
2026-02-08 20:18:55,Aloha,2x1 algunos productos
2026-02-08 20:18:55,Aloha,-30% algunos productos
2026-02-08 20:18:55,Lobbers Valladolid,2x1 algunos productos
2026-02-08 20:18:55,Papa Johns,2x1 algunos productos
2026-02-08 20:18:55,Papa Johns,-55% algunos productos
2026-02-08 20:18:55,Bk. Sushi & Café Bar,2x1 algunos productos
2026-02-08 20:18:55,La Mafia Se Sienta a La Mesa,Entrega gratis a partir de 40 €
2026-02-08 20:18:55,Tonino's,-30% algunos productos
2026-02-08 20:18:55,Sabroson 2,-10% a partir de 35 €
2026-02-08 20:18:55,Top Poké,Entrega gratis a partir de 20 €
2026-02-08 20:18:55,Top Poké,-30% algunos productos
2026-02-08 20:18:55,Nora Sushi,2x1 algunos productos
2026-02-08 20:18:55,Starbucks,-30% algunos productos
2026-02-08 20:18:55,VallaPizza!,-10% a partir de 20 €
2026-02-08 20:18:55,Empanadas Malvón,-30% algunos productos
2026-02-08 20:18:55,Urban Poke,-20% algunos productos
2026-02-08 20:18:55,Piraña,-15% a partir de 10 €
2026-02-08 20:18:55,La Sureña,2x1 algunos productos
2026-02-08 20:18:55,Meneo,-55% algunos productos
2026-02-08 20:18:55,Fú King,2x1 algunos productos
2026-02-08 20:18:55,MAKAY POKE,-25% con Prime
2026-02-08 20:18:55,MAKAY POKE,-15% algunos productos
2026-02-08 20:18:55,Lucense,-20% a partir de 25 €
2026-02-08 20:18:55,Ben & Jerry's Y Magnum,-20% algunos productos
2026-02-08 20:18:55,Auana Poke,Entrega gratis a partir de 25 €
2026-02-08 20:18:55,Crema,-25% algunos productos
2026-02-09 20:33:17,McDonald's®,2x1 algunos productos
2026-02-09 20:33:17,Burger King,-50% algunos productos
2026-02-09 20:33:17,Burger King,2x1 algunos productos
2026-02-09 20:33:17,KFC,-40% algunos productos
2026-02-09 20:33:17,Taco Bell,-40% algunos productos
2026-02-09 20:33:17,Aloha,-30% algunos productos
2026-02-09 20:33:17,Aloha,2x1 algunos productos
2026-02-09 20:33:17,Goiko,-20% algunos productos
2026-02-09 20:33:17,Goiko,2x1 algunos productos
2026-02-09 20:33:17,BURGERJAZZ,-20% a partir de 20 €
2026-02-09 20:33:17,Ginos,2x1 algunos productos
2026-02-09 20:33:17,Papa Johns,-55% algunos productos
2026-02-09 20:33:17,Papa Johns,2x1 algunos productos
2026-02-09 20:33:17,Sushi Sapporo Dos,-25% con Prime
2026-02-09 20:33:17,Sushi Sapporo Dos,2x1 algunos productos
2026-02-09 20:33:17,Top Poké,-30% algunos productos
2026-02-09 20:33:17,Piraña,-15% a partir de 10 €
2026-02-09 20:33:17,Urban Poke,-20% algunos productos
2026-02-09 20:33:17,Meneo,-55% algunos productos
2026-02-09 20:33:17,La Sureña,2x1 algunos productos
2026-02-09 20:33:17,Fú King,2x1 algunos productos
2026-02-09 20:33:17,Ben & Jerry's Y Magnum,-20% algunos productos
2026-02-09 20:33:17,Auana Poke,-30% con Prime
2026-02-09 20:33:17,Auana Poke,-20% algunos productos
2026-02-09 20:33:17,MAKAY POKE,-15% algunos productos
2026-02-09 20:33:17,MAKAY POKE,-25% con Prime
2026-02-09 20:33:17,Bodeguilla Dugar,2x1 algunos productos
2026-02-10 20:37:49,McDonald's®,2x1 algunos productos
2026-02-10 20:37:49,Burger King,2x1 algunos productos
2026-02-10 20:37:49,Burger King,-50% algunos productos
2026-02-10 20:37:49,KFC,2x1 algunos productos
2026-02-10 20:37:49,KFC,-50% algunos productos
2026-02-10 20:37:49,Taco Bell,-40% algunos productos
2026-02-10 20:37:49,Aloha,-30% algunos productos
2026-02-10 20:37:49,Aloha,2x1 algunos productos
2026-02-10 20:37:49,VIPS,2x1 algunos productos
2026-02-10 20:37:49,Goiko,2x1 algunos productos
2026-02-10 20:37:49,Goiko,-20% algunos productos
2026-02-10 20:37:49,Grosso Napoletano Pizzería,2x1 algunos productos
2026-02-10 20:37:49,BURGERJAZZ,-20% a partir de 20 €
2026-02-10 20:37:49,Lobbers Valladolid,2x1 algunos productos
2026-02-10 20:37:49,Papa Johns,2x1 algunos productos
2026-02-10 20:37:49,Papa Johns,-55% algunos productos
2026-02-10 20:37:49,Ginos,2x1 algunos productos
2026-02-10 20:37:49,Ginos,-20% algunos productos
2026-02-10 20:37:49,La Mafia Se Sienta a La Mesa,-25% con Prime
2026-02-10 20:37:49,La Mafia Se Sienta a La Mesa,-20% algunos productos
2026-02-10 20:37:49,Nora Sushi,2x1 algunos productos
2026-02-10 20:37:49,Bk. Sushi & Café Bar,2x1 algunos productos
2026-02-10 20:37:49,Sabroson 2,-10% a partir de 35 €
2026-02-10 20:37:49,Top Poké,-30% algunos productos
2026-02-10 20:37:49,Piraña,-15% a partir de 10 €
2026-02-10 20:37:49,VallaPizza!,-10% a partir de 20 €
2026-02-10 20:37:49,Urban Poke,-20% algunos productos
2026-02-10 20:37:49,Meneo,-55% algunos productos
2026-02-10 20:37:49,MAKAY POKE,-15% algunos productos
2026-02-10 20:37:49,MAKAY POKE,-25% con Prime
2026-02-10 20:37:49,Fat Smash,-30% a partir de 10 €
2026-02-10 20:37:49,La Sureña,2x1 algunos productos
2026-02-10 20:37:49,Auana Poke,-30% con Prime
2026-02-10 20:37:49,Auana Poke,-20% algunos productos
2026-02-10 20:37:49,Fú King,2x1 algunos productos
2026-02-10 20:37:49,JFK Burgers,-30% a partir de 10 €
2026-02-10 20:37:49,Ben & Jerry's Y Magnum,-20% algunos productos
2026-02-10 20:37:49,Bodeguilla Dugar,2x1 algunos productos
2026-02-11 20:32:15,Burger King,2x1 algunos productos
2026-02-11 20:32:15,Burger King,-50% algunos productos
2026-02-11 20:32:15,McDonald's®,2x1 algunos productos
2026-02-11 20:32:15,KFC,2x1 algunos productos
2026-02-11 20:32:15,KFC,-50% algunos productos
2026-02-11 20:32:15,Taco Bell,-40% algunos productos
2026-02-11 20:32:15,Goiko,2x1 algunos productos
2026-02-11 20:32:15,Goiko,-20% algunos productos
2026-02-11 20:32:15,VIPS,2x1 algunos productos
2026-02-11 20:32:15,Aloha,2x1 algunos productos
2026-02-11 20:32:15,Aloha,-30% algunos productos
2026-02-11 20:32:15,La Mafia Se Sienta a La Mesa,-20% algunos productos
2026-02-11 20:32:15,La Mafia Se Sienta a La Mesa,-25% con Prime
2026-02-11 20:32:15,Sushi Sapporo,2x1 algunos productos
2026-02-11 20:32:15,Bk. Sushi & Café Bar,2x1 algunos productos
2026-02-11 20:32:15,Top Poké,-30% algunos productos
2026-02-11 20:32:15,Piraña,-15% a partir de 10 €
2026-02-11 20:32:15,Nora Sushi,2x1 algunos productos
2026-02-11 20:32:15,Tonino's,-30% algunos productos
2026-02-11 20:32:15,VallaPizza!,-10% a partir de 20 €
2026-02-11 20:32:15,Urban Poke,-20% algunos productos
2026-02-11 20:32:15,Meneo,-55% algunos productos
2026-02-11 20:32:15,Ben & Jerry's Y Magnum,-20% algunos productos
2026-02-11 20:32:15,La Sureña,2x1 algunos productos
2026-02-11 20:32:15,JFK Burgers,-30% a partir de 10 €
2026-02-11 20:32:15,MAKAY POKE,-25% con Prime
2026-02-11 20:32:15,MAKAY POKE,-15% algunos productos
2026-02-12 20:27:52,Burger King,-50% algunos productos
2026-02-12 20:27:52,Burger King,2x1 algunos productos
2026-02-12 20:27:52,McDonald's®,2x1 algunos productos
2026-02-12 20:27:52,KFC,-50% algunos productos
2026-02-12 20:27:52,KFC,2x1 algunos productos
2026-02-12 20:27:52,Taco Bell,-40% algunos productos
2026-02-12 20:27:52,Goiko,-20% algunos productos
2026-02-12 20:27:52,Goiko,2x1 algunos productos
2026-02-12 20:27:52,VIPS,2x1 algunos productos
2026-02-12 20:27:52,Aloha,-30% algunos productos
2026-02-12 20:27:52,Aloha,2x1 algunos productos
2026-02-12 20:27:52,BURGERJAZZ,-20% a partir de 20 €
2026-02-12 20:27:52,Lobbers Valladolid,2x1 algunos productos
2026-02-12 20:27:52,Papa Johns,-55% algunos productos
2026-02-12 20:27:52,Papa Johns,2x1 algunos productos
2026-02-12 20:27:52,Ginos,-20% algunos productos
2026-02-12 20:27:52,Ginos,2x1 algunos productos
2026-02-12 20:27:52,Sabroson 2,-10% a partir de 35 €
2026-02-12 20:27:52,Top Poké,-30% algunos productos
2026-02-12 20:27:52,Tonino's,-30% algunos productos
2026-02-12 20:27:52,Piraña,-15% a partir de 10 €
2026-02-12 20:27:52,Urban Poke,-20% algunos productos
2026-02-12 20:27:52,Empanadas Malvón,-30% algunos productos
2026-02-12 20:27:52,Meneo,-55% algunos productos
2026-02-12 20:27:52,VallaPizza!,-10% a partir de 20 €
2026-02-12 20:27:52,JFK Burgers,-30% a partir de 10 €
2026-02-12 20:27:52,Lucense,-20% a partir de 25 €
2026-02-12 20:27:52,Fat Smash,-30% a partir de 10 €
2026-02-12 20:27:52,La Sureña,2x1 algunos productos
2026-02-12 20:27:52,MAKAY POKE,-25% con Prime
2026-02-12 20:27:52,MAKAY POKE,-15% algunos productos
2026-02-12 20:27:52,Fú King,2x1 algunos productos
2026-02-13 20:30:28,Burger King,-50% algunos productos
2026-02-13 20:30:28,Burger King,2x1 algunos productos
2026-02-13 20:30:28,McDonald's®,2x1 algunos productos
2026-02-13 20:30:28,KFC,-50% algunos productos
2026-02-13 20:30:28,KFC,2x1 algunos productos
2026-02-13 20:30:28,Aloha,2x1 algunos productos
2026-02-13 20:30:28,Aloha,-30% algunos productos
2026-02-13 20:30:28,Goiko,-20% algunos productos
2026-02-13 20:30:28,Goiko,2x1 algunos productos
2026-02-13 20:30:28,Grosso Napoletano Pizzería,-25% algunos productos
2026-02-13 20:30:28,Ginos,-20% algunos productos
2026-02-13 20:30:28,Ginos,2x1 algunos productos
2026-02-13 20:30:28,Papa Johns,-55% algunos productos
2026-02-13 20:30:28,Papa Johns,2x1 algunos productos
2026-02-13 20:30:28,Nora Sushi,2x1 algunos productos
2026-02-13 20:30:28,Top Poké,-30% algunos productos
2026-02-13 20:30:28,Tonino's,-30% algunos productos
2026-02-13 20:30:28,Sabroson 2,-10% a partir de 35 €
2026-02-13 20:30:28,Piraña,-15% a partir de 10 €
2026-02-13 20:30:28,Urban Poke,-20% algunos productos
2026-02-13 20:30:28,Meneo,-55% algunos productos
2026-02-13 20:30:28,Fat Smash,-30% a partir de 10 €
2026-02-13 20:30:28,La Sureña,2x1 algunos productos
2026-02-13 20:30:28,JFK Burgers,-30% a partir de 10 €
2026-02-13 20:30:28,Lucense,-20% a partir de 25 €
2026-02-13 20:30:28,MAKAY POKE,-15% algunos productos
2026-02-13 20:30:28,MAKAY POKE,-25% con Prime
2026-02-13 20:30:28,Fú King,2x1 algunos productos
2026-02-13 20:30:28,Ben & Jerry's Y Magnum,-20% algunos productos
2026-02-14 20:18:45,Burger King,2x1 algunos productos
2026-02-14 20:18:45,Burger King,-50% algunos productos
2026-02-14 20:18:45,McDonald's®,2x1 algunos productos
2026-02-14 20:18:45,KFC,2x1 algunos productos
2026-02-14 20:18:45,KFC,-50% algunos productos
2026-02-14 20:18:45,Telepizza,-60% algunos productos
2026-02-14 20:18:45,Goiko,2x1 algunos productos
2026-02-14 20:18:45,Goiko,-20% algunos productos
2026-02-14 20:18:45,Grosso Napoletano Pizzería,-25% algunos productos
2026-02-14 20:18:45,Papa Johns,-55% algunos productos
2026-02-14 20:18:45,Papa Johns,2x1 algunos productos
2026-02-14 20:18:45,Bk. Sushi & Café Bar,2x1 algunos productos
2026-02-14 20:18:45,Nora Sushi,2x1 algunos productos
2026-02-14 20:18:45,Top Poké,-30% algunos productos
2026-02-14 20:18:45,Piraña,-15% a partir de 10 €
2026-02-14 20:18:45,Sabroson 2,-10% a partir de 35 €
2026-02-14 20:18:45,Starbucks,2x1 algunos productos
2026-02-14 20:18:45,Starbucks,-20% algunos productos
2026-02-14 20:18:45,Empanadas Malvón,-30% algunos productos
2026-02-14 20:18:45,VallaPizza!,-10% a partir de 20 €
2026-02-14 20:18:45,La Sureña,2x1 algunos productos
2026-02-14 20:18:45,Urban Poke,-20% algunos productos
2026-02-14 20:18:45,Meneo,-55% algunos productos
2026-02-14 20:18:45,Fat Smash,-30% a partir de 10 €
2026-02-14 20:18:45,JFK Burgers,-30% a partir de 10 €
2026-02-14 20:18:45,Fú King,2x1 algunos productos
2026-02-14 20:18:45,Lucense,-20% a partir de 25 €
2026-02-14 20:18:45,Ben & Jerry's Y Magnum,-20% algunos productos
2026-02-14 20:18:45,Bodeguilla Dugar,2x1 algunos productos
2026-02-15 20:18:14,Burger King,-50% algunos productos
2026-02-15 20:18:14,Burger King,2x1 algunos productos
2026-02-15 20:18:14,McDonald's®,2x1 algunos productos
2026-02-15 20:18:14,KFC,-50% algunos productos
2026-02-15 20:18:14,KFC,2x1 algunos productos
2026-02-15 20:18:14,Taco Bell,2x1 algunos productos
2026-02-15 20:18:14,Taco Bell,-40% algunos productos
2026-02-15 20:18:14,Telepizza,-60% algunos productos
2026-02-15 20:18:14,Aloha,2x1 algunos productos
2026-02-15 20:18:14,Aloha,-30% algunos productos
2026-02-15 20:18:14,Goiko,2x1 algunos productos
2026-02-15 20:18:14,Goiko,-20% algunos productos
2026-02-15 20:18:14,Papa Johns,2x1 algunos productos
2026-02-15 20:18:14,Papa Johns,-55% algunos productos
2026-02-15 20:18:14,Ginos,2x1 algunos productos
2026-02-15 20:18:14,Ginos,-20% algunos productos
2026-02-15 20:18:14,La Mafia Se Sienta a La Mesa,-20% algunos productos
2026-02-15 20:18:14,La Mafia Se Sienta a La Mesa,-25% con Prime
2026-02-15 20:18:14,Sushi Sapporo,2x1 algunos productos
2026-02-15 20:18:14,Sushi Sapporo Dos,2x1 algunos productos
2026-02-15 20:18:14,Sushi Sapporo Dos,-25% con Prime
2026-02-15 20:18:14,Nora Sushi,2x1 algunos productos
2026-02-15 20:18:14,Tonino's,-30% algunos productos
2026-02-15 20:18:14,Top Poké,-30% algunos productos
2026-02-15 20:18:14,Piraña,-15% a partir de 10 €
2026-02-15 20:18:14,Sabroson 2,-10% a partir de 35 €
2026-02-15 20:18:14,Starbucks,2x1 algunos productos
2026-02-15 20:18:14,Starbucks,-20% algunos productos
2026-02-15 20:18:14,VallaPizza!,-10% a partir de 20 €
2026-02-15 20:18:14,Urban Poke,-30% algunos productos
2026-02-15 20:18:14,La Sureña,2x1 algunos productos
2026-02-15 20:18:14,Meneo,-55% algunos productos
2026-02-15 20:18:14,Fat Smash,-30% a partir de 10 €
2026-02-15 20:18:14,JFK Burgers,-30% a partir de 10 €
2026-02-15 20:18:14,Fú King,2x1 algunos productos
2026-02-15 20:18:14,Ben & Jerry's Y Magnum,-20% algunos productos
2026-02-15 20:18:14,Lucense,-20% a partir de 25 €
2026-02-16 20:22:24,McDonald's®,2x1 algunos productos
2026-02-16 20:22:24,Burger King,2x1 algunos productos
2026-02-16 20:22:24,Burger King,-50% algunos productos
2026-02-16 20:22:24,KFC,2x1 algunos productos
2026-02-16 20:22:24,KFC,-50% algunos productos
2026-02-16 20:22:24,Taco Bell,2x1 algunos productos
2026-02-16 20:22:24,Taco Bell,-40% algunos productos
2026-02-16 20:22:24,Mamataco,-20% algunos productos
2026-02-16 20:22:24,Mamataco,-30% con Prime
2026-02-16 20:22:24,Goiko,2x1 algunos productos
2026-02-16 20:22:24,Goiko,-20% algunos productos
2026-02-16 20:22:24,Aloha,2x1 algunos productos
2026-02-16 20:22:24,Aloha,-30% algunos productos
2026-02-16 20:22:24,BURGERJAZZ™,-20% a partir de 20 €
2026-02-16 20:22:24,Sibuya,-20% algunos productos
2026-02-16 20:22:24,Grosso Napoletano Pizzería,-25% a partir de 30 €
2026-02-16 20:22:24,VIPS,2x1 algunos productos
2026-02-16 20:22:24,Papa Johns,2x1 algunos productos
2026-02-16 20:22:24,Papa Johns,-55% algunos productos
2026-02-16 20:22:24,Tonino's,-20% algunos productos
2026-02-16 20:22:24,Tonino's,-25% con Prime
2026-02-16 20:22:24,Top Poké,2x1 algunos productos
2026-02-16 20:22:24,Top Poké,-30% algunos productos
2026-02-16 20:22:24,Piraña,-15% a partir de 10 €
2026-02-16 20:22:24,Empanadas Malvón,-30% algunos productos
2026-02-16 20:22:24,Urban Poke,-15% algunos productos
2026-02-16 20:22:24,Meneo,-55% algunos productos
2026-02-16 20:22:24,La Sureña,2x1 algunos productos
2026-02-16 20:22:24,Fú King,2x1 algunos productos
2026-02-16 20:22:24,Ben & Jerry's Y Magnum,-20% algunos productos
2026-02-16 20:22:24,Bodeguilla Dugar,2x1 algunos productos
2026-02-16 20:22:24,MAKAY POKE,-25% con Prime
2026-02-16 20:22:24,MAKAY POKE,-15% algunos productos
2026-02-17 20:29:57,Burger King,2x1 algunos productos
2026-02-17 20:29:57,Burger King,-50% algunos productos
2026-02-17 20:29:57,McDonald's®,2x1 algunos productos
2026-02-17 20:29:57,KFC,2x1 algunos productos
2026-02-17 20:29:57,KFC,-50% algunos productos
2026-02-17 20:29:57,EL RECREO BURGER®,-15% algunos productos
2026-02-17 20:29:57,EL RECREO BURGER®,-25% con Prime
2026-02-17 20:29:57,Taco Bell,2x1 algunos productos
2026-02-17 20:29:57,Taco Bell,-40% algunos productos
2026-02-17 20:29:57,Mamataco,-30% con Prime
2026-02-17 20:29:57,Mamataco,-20% algunos productos
2026-02-17 20:29:57,Aloha,2x1 algunos productos
2026-02-17 20:29:57,Aloha,-30% algunos productos
2026-02-17 20:29:57,Goiko,2x1 algunos productos
2026-02-17 20:29:57,Goiko,-20% algunos productos
2026-02-17 20:29:57,VIPS,2x1 algunos productos
2026-02-17 20:29:57,Sibuya,-20% algunos productos
2026-02-17 20:29:57,BURGERJAZZ™,-20% a partir de 20 €
2026-02-17 20:29:57,Lobbers Valladolid,2x1 algunos productos
2026-02-17 20:29:57,Ginos,2x1 algunos productos
2026-02-17 20:29:57,Ginos,-20% algunos productos
2026-02-17 20:29:57,Sushi Sapporo,2x1 algunos productos
2026-02-17 20:29:57,Sabroson 2,-10% a partir de 35 €
2026-02-17 20:29:57,Piraña,-15% a partir de 10 €
2026-02-17 20:29:57,Urban Poke,-15% algunos productos
2026-02-17 20:29:57,Top Poké,2x1 algunos productos
2026-02-17 20:29:57,Top Poké,-30% algunos productos
2026-02-17 20:29:57,Empanadas Malvón,-30% algunos productos
2026-02-17 20:29:57,VallaPizza!,-10% a partir de 20 €
2026-02-17 20:29:57,La Sureña,2x1 algunos productos
2026-02-17 20:29:57,Fat Smash,-30% a partir de 10 €
2026-02-17 20:29:57,Fú King,2x1 algunos productos
2026-02-17 20:29:57,Meneo,-55% algunos productos
2026-02-17 20:29:57,Ben & Jerry's Y Magnum,-20% algunos productos
2026-02-17 20:29:57,JFK Burgers,-30% a partir de 10 €
2026-02-17 20:29:57,Bodeguilla Dugar,2x1 algunos productos
2026-02-17 20:29:57,MAKAY POKE,-15% algunos productos
2026-02-17 20:29:57,MAKAY POKE,-25% con Prime
